id;label
909340245742;Развлечения и юмор
909342962411;Развлечения и юмор
909343087161;Развлечения и юмор
909344193109;Развлечения и юмор
909346841420;Развлечения и юмор
909353337715;Развлечения и юмор
909353783353;Развлечения и юмор
909354605840;Развлечения и юмор
909356195897;Развлечения и юмор
909360236467;Развлечения и юмор
909363668178;Развлечения и юмор
909364805322;Развлечения и юмор
909366585478;Развлечения и юмор
909367412821;Развлечения и юмор
909369112233;Развлечения и юмор
909369970054;Развлечения и юмор
909371767207;Развлечения и юмор
909371812491;Развлечения и юмор
909372480179;Развлечения и юмор
909374420102;Развлечения и юмор
909389485815;Развлечения и юмор
909391085195;Развлечения и юмор
909392636878;Развлечения и юмор
909396083285;Развлечения и юмор
909401788878;Развлечения и юмор
909407833294;Развлечения и юмор
909409087256;Развлечения и юмор
909416103854;Развлечения и юмор
909424239850;Развлечения и юмор
909429030122;Развлечения и юмор
909429741653;Развлечения и юмор
909430570767;Развлечения и юмор
909431219123;Развлечения и юмор
909431741674;Развлечения и юмор
909433224789;Развлечения и юмор
909433801752;Развлечения и юмор
909436760661;Развлечения и юмор
909441990135;Развлечения и юмор
909445381254;Развлечения и юмор
909445952536;Развлечения и юмор
909447739854;Развлечения и юмор
909451433779;Развлечения и юмор
909456640462;Развлечения и юмор
909459812855;Развлечения и юмор
909463910579;Развлечения и юмор
909466637479;Развлечения и юмор
909474589903;Развлечения и юмор
909474652550;Развлечения и юмор
909477176600;Развлечения и юмор
909480813774;Развлечения и юмор
909484653815;Развлечения и юмор
909488170630;Развлечения и юмор
909488422055;Развлечения и юмор
909494347288;Развлечения и юмор
909499573272;Развлечения и юмор
909504404300;Развлечения и юмор
909504538965;Развлечения и юмор
909508136780;Развлечения и юмор
909511310583;Развлечения и юмор
909511971725;Развлечения и юмор
909515323477;Развлечения и юмор
909517165909;Развлечения и юмор
909520084215;Развлечения и юмор
909524434031;Развлечения и юмор
909524467213;Развлечения и юмор
909524488618;Развлечения и юмор
909527897112;Развлечения и юмор
909530537587;Развлечения и юмор
909530824307;Развлечения и юмор
909534240280;Развлечения и юмор
909534293710;Развлечения и юмор
909535768600;Развлечения и юмор
909536980686;Развлечения и юмор
909537257422;Развлечения и юмор
909540313478;Развлечения и юмор
909543031430;Развлечения и юмор
909544889941;Развлечения и юмор
909546072149;Развлечения и юмор
909552422220;Развлечения и юмор
909552898694;Развлечения и юмор
909560770957;Развлечения и юмор
909562837264;Развлечения и юмор
909566252467;Развлечения и юмор
909577974411;Развлечения и юмор
909579467800;Развлечения и юмор
909581909239;Развлечения и юмор
909582348490;Развлечения и юмор
909585483917;Развлечения и юмор
909585518982;Развлечения и юмор
909594123726;Развлечения и юмор
909601829010;Развлечения и юмор
909604099669;Развлечения и юмор
909604373495;Развлечения и юмор
909605627191;Развлечения и юмор
909611400183;Развлечения и юмор
909613940471;Развлечения и юмор
909615634704;Развлечения и юмор
909616666535;Развлечения и юмор
909616795468;Развлечения и юмор
909619182195;Развлечения и юмор
909622146319;Развлечения и юмор
909622154450;Развлечения и юмор
909630260365;Развлечения и юмор
909631210611;Развлечения и юмор
909631315379;Развлечения и юмор
909632646410;Развлечения и юмор
909638372599;Развлечения и юмор
909638798668;Развлечения и юмор
909643823527;Развлечения и юмор
909645990903;Развлечения и юмор
909654150709;Развлечения и юмор
909654237943;Развлечения и юмор
909655504213;Развлечения и юмор
909659202694;Развлечения и юмор
909659234950;Развлечения и юмор
909659293574;Развлечения и юмор
909664832280;Развлечения и юмор
909665283479;Развлечения и юмор
909665417350;Развлечения и юмор
909669840627;Развлечения и юмор
909672354762;Развлечения и юмор
909672823159;Развлечения и юмор
909673489143;Развлечения и юмор
909675355782;Развлечения и юмор
909678152216;Развлечения и юмор
909688169930;Развлечения и юмор
909689384589;Развлечения и юмор
909691990357;Развлечения и юмор
909697266799;Развлечения и юмор
909697607335;Развлечения и юмор
909704886583;Развлечения и юмор
909705533868;Развлечения и юмор
909707280469;Развлечения и юмор
909708023062;Развлечения и юмор
909708110067;Развлечения и юмор
909712005452;Развлечения и юмор
909713360631;Развлечения и юмор
909713439735;Развлечения и юмор
909715844888;Развлечения и юмор
909716645367;Развлечения и юмор
909724145042;Развлечения и юмор
909724390899;Развлечения и юмор
909724394739;Развлечения и юмор
909724420339;Развлечения и юмор
909724920819;Развлечения и юмор
909726677580;Развлечения и юмор
909727618163;Развлечения и юмор
909727888758;Развлечения и юмор
909729331703;Развлечения и юмор
909732750323;Развлечения и юмор
909732775923;Развлечения и юмор
909741425655;Развлечения и юмор
909742914026;Развлечения и юмор
909743432170;Развлечения и юмор
909743954666;Развлечения и юмор
909743999911;Развлечения и юмор
909746820083;Развлечения и юмор
909746997272;Развлечения и юмор
909748777162;Развлечения и юмор
909749364723;Развлечения и юмор
909759814893;Развлечения и юмор
909762536472;Развлечения и юмор
909765599768;Развлечения и юмор
909767978123;Развлечения и юмор
909772379251;Развлечения и юмор
909773837848;Развлечения и юмор
909776100431;Развлечения и юмор
909777668693;Развлечения и юмор
909781920883;Развлечения и юмор
909786405098;Развлечения и юмор
909786737176;Развлечения и юмор
909787752728;Развлечения и юмор
909788551765;Развлечения и юмор
909793560947;Развлечения и юмор
909794410837;Развлечения и юмор
909794566424;Развлечения и юмор
909797170261;Развлечения и юмор
909802677520;Развлечения и юмор
909805090871;Развлечения и юмор
909805216280;Развлечения и юмор
909806675984;Развлечения и юмор
909812663181;Развлечения и юмор
909818346739;Развлечения и юмор
909820470550;Развлечения и юмор
909822302479;Развлечения и юмор
909824656074;Развлечения и юмор
909826406928;Развлечения и юмор
909830611480;Развлечения и юмор
909831381878;Развлечения и юмор
909831431190;Развлечения и юмор
909831468824;Развлечения и юмор
909834472789;Развлечения и юмор
909836030488;Развлечения и юмор
909836278351;Развлечения и юмор
909839827224;Развлечения и юмор
909840515608;Развлечения и юмор
909842294869;Развлечения и юмор
909843754256;Развлечения и юмор
909847087667;Развлечения и юмор
909847097907;Развлечения и юмор
909847617075;Развлечения и юмор
909847887506;Развлечения и юмор
909848171922;Развлечения и юмор
909848506904;Развлечения и юмор
909848741683;Развлечения и юмор
909852747123;Развлечения и юмор
909858786901;Развлечения и юмор
909861934090;Развлечения и юмор
909862107146;Развлечения и юмор
909867277171;Развлечения и юмор
909871095786;Развлечения и юмор
909874457294;Развлечения и юмор
909876214808;Развлечения и юмор
909876823498;Развлечения и юмор
909879280911;Развлечения и юмор
909882113514;Развлечения и юмор
909882387767;Развлечения и юмор
909887813912;Развлечения и юмор
909889159952;Развлечения и юмор
909895436042;Развлечения и юмор
909910365968;Развлечения и юмор
909914365269;Развлечения и юмор
909914643992;Развлечения и юмор
909919628810;Развлечения и юмор
909920193165;Развлечения и юмор
909926309034;Развлечения и юмор
909932620275;Развлечения и юмор
909933401112;Развлечения и юмор
909934996723;Развлечения и юмор
909935683473;Развлечения и юмор
909937196822;Развлечения и юмор
909938318112;Развлечения и юмор
909938874144;Развлечения и юмор
909944325408;Развлечения и юмор
909949856332;Развлечения и юмор
909953011853;Развлечения и юмор
909953910418;Развлечения и юмор
909957038477;Развлечения и юмор
909962342229;Развлечения и юмор
909962504224;Развлечения и юмор
909968140778;Развлечения и юмор
909972024046;Развлечения и юмор
909972899274;Развлечения и юмор
909974481493;Развлечения и юмор
909978186419;Развлечения и юмор
909978555445;Развлечения и юмор
909980851232;Развлечения и юмор
909986151309;Развлечения и юмор
909989858482;Развлечения и юмор
909991188434;Развлечения и юмор
909993456106;Развлечения и юмор
909993611214;Развлечения и юмор
909994513174;Развлечения и юмор
910001404951;Развлечения и юмор
910001822005;Развлечения и юмор
910005119373;Развлечения и юмор
910006484512;Развлечения и юмор
910014802803;Развлечения и юмор
910023074163;Развлечения и юмор
910029155786;Развлечения и юмор
910035878453;Развлечения и юмор
910040744087;Развлечения и юмор
910046556531;Развлечения и юмор
910052392082;Развлечения и юмор
910053231501;Развлечения и юмор
910053844339;Развлечения и юмор
910063153523;Развлечения и юмор
910072673232;Развлечения и юмор
910073577101;Развлечения и юмор
910088090483;Развлечения и юмор
910089680362;Развлечения и юмор
910091184819;Развлечения и юмор
910091640911;Развлечения и юмор
910092134515;Развлечения и юмор
910092629200;Развлечения и юмор
910092829004;Развлечения и юмор
910098874346;Развлечения и юмор
910099061226;Развлечения и юмор
910100240399;Развлечения и юмор
910101274346;Развлечения и юмор
910103529900;Развлечения и юмор
910105946858;Развлечения и юмор
910106518250;Развлечения и юмор
910118584302;Развлечения и юмор
910122557904;Развлечения и юмор
910125662259;Развлечения и юмор
910125728269;Развлечения и юмор
910126445619;Развлечения и юмор
910126453299;Развлечения и юмор
910126623122;Развлечения и юмор
910129483187;Развлечения и юмор
910132086474;Развлечения и юмор
910132265874;Развлечения и юмор
910145260054;Развлечения и юмор
910147298934;Развлечения и юмор
910147586615;Развлечения и юмор
910149904878;Развлечения и юмор
910166370254;Развлечения и юмор
910170531022;Развлечения и юмор
910175997728;Развлечения и юмор
910178120204;Развлечения и юмор
910180185426;Развлечения и юмор
910182822767;Развлечения и юмор
910188190796;Развлечения и юмор
910191698382;Развлечения и юмор
910192818926;Развлечения и юмор
910193444697;Развлечения и юмор
910199051758;Развлечения и юмор
910199567157;Развлечения и юмор
910202951632;Развлечения и юмор
910204049870;Развлечения и юмор
910204860757;Развлечения и юмор
910206291541;Развлечения и юмор
910207257632;Развлечения и юмор
910207263829;Развлечения и юмор
910207966158;Развлечения и юмор
910216796874;Развлечения и юмор
910217675126;Развлечения и юмор
910222807351;Развлечения и юмор
910224011149;Развлечения и юмор
910224288172;Развлечения и юмор
910235965749;Развлечения и юмор
910244659541;Развлечения и юмор
910248215468;Развлечения и юмор
910250960274;Развлечения и юмор
910252455223;Развлечения и юмор
910254846958;Развлечения и юмор
910265083468;Развлечения и юмор
910266725708;Развлечения и юмор
910271931445;Развлечения и юмор
910277832503;Развлечения и юмор
910286068626;Развлечения и юмор
910289615052;Развлечения и юмор
910290473166;Развлечения и юмор
910304876364;Развлечения и юмор
910305637205;Развлечения и юмор
910312703378;Развлечения и юмор
910324039565;Развлечения и юмор
910327825940;Развлечения и юмор
910334544336;Развлечения и юмор
910335250414;Развлечения и юмор
910340288714;Развлечения и юмор
910342368947;Развлечения и юмор
910345827635;Развлечения и юмор
910346644019;Развлечения и юмор
910348842572;Развлечения и юмор
910350114506;Развлечения и юмор
910350472589;Развлечения и юмор
910352307476;Развлечения и юмор
910354420756;Развлечения и юмор
910356136480;Развлечения и юмор
910356313462;Развлечения и юмор
910357052110;Развлечения и юмор
910360290794;Развлечения и юмор
910362438485;Развлечения и юмор
910365928077;Развлечения и юмор
910368248917;Развлечения и юмор
910381344209;Развлечения и юмор
910382510028;Развлечения и юмор
910384735247;Развлечения и юмор
910392934835;Развлечения и юмор
910395395157;Развлечения и юмор
910407195118;Развлечения и юмор
910407919701;Развлечения и юмор
910409481295;Развлечения и юмор
910412450514;Развлечения и юмор
910413719441;Развлечения и юмор
910415683981;Развлечения и юмор
910415757621;Развлечения и юмор
910417349358;Развлечения и юмор
910417494254;Развлечения и юмор
910418604460;Развлечения и юмор
910426726311;Развлечения и юмор
910430067918;Развлечения и юмор
910431220109;Развлечения и юмор
910432206286;Развлечения и юмор
910439131221;Развлечения и юмор
910441176149;Развлечения и юмор
910441467338;Развлечения и юмор
910447504042;Развлечения и юмор
910451751253;Развлечения и юмор
910453698063;Развлечения и юмор
910454114667;Развлечения и юмор
910455128722;Развлечения и юмор
910455899528;Развлечения и юмор
910456124687;Развлечения и юмор
910456325664;Развлечения и юмор
910458435534;Развлечения и юмор
910461905490;Развлечения и юмор
910466040885;Развлечения и юмор
910466226485;Развлечения и юмор
910469077589;Развлечения и юмор
910475808145;Развлечения и юмор
910476554444;Развлечения и юмор
910477324492;Развлечения и юмор
910483629262;Развлечения и юмор
910485340448;Развлечения и юмор
910485619509;Развлечения и юмор
910486504975;Развлечения и юмор
910491749005;Развлечения и юмор
910494723127;Развлечения и юмор
910495792622;Развлечения и юмор
910497644462;Развлечения и юмор
910500964753;Развлечения и юмор
910502890581;Развлечения и юмор
910508139829;Развлечения и юмор
910510479850;Развлечения и юмор
910510906830;Развлечения и юмор
910512357171;Развлечения и юмор
910512719155;Развлечения и юмор
910512805614;Развлечения и юмор
910521501269;Развлечения и юмор
910523924500;Развлечения и юмор
910524907284;Развлечения и юмор
910525344746;Развлечения и юмор
910527815223;Развлечения и юмор
910529543253;Развлечения и юмор
910531649774;Развлечения и юмор
910534270670;Развлечения и юмор
910535902546;Развлечения и юмор
910538468019;Развлечения и юмор
910539036622;Развлечения и юмор
910540916562;Развлечения и юмор
910543709386;Развлечения и юмор
910545759285;Развлечения и юмор
910547021520;Развлечения и юмор
910548991776;Развлечения и юмор
910549018656;Развлечения и юмор
910551193909;Развлечения и юмор
910552075018;Развлечения и юмор
910553682258;Развлечения и юмор
910553682382;Развлечения и юмор
910559170336;Развлечения и юмор
910565856288;Развлечения и юмор
910566066976;Развлечения и юмор
910571566764;Развлечения и юмор
910578183626;Развлечения и юмор
910588008328;Развлечения и юмор
910588164232;Развлечения и юмор
910598784423;Развлечения и юмор
910599958794;Развлечения и юмор
910600260896;Развлечения и юмор
910601307405;Развлечения и юмор
910603670510;Развлечения и юмор
910621343285;Развлечения и юмор
910622677867;Развлечения и юмор
910629937746;Развлечения и юмор
910630321815;Развлечения и юмор
910634472501;Развлечения и юмор
910634679954;Развлечения и юмор
910636720878;Развлечения и юмор
910636783347;Развлечения и юмор
910638755537;Развлечения и юмор
910641497290;Развлечения и юмор
910642521103;Развлечения и юмор
910645805458;Развлечения и юмор
910646518413;Развлечения и юмор
910649877623;Развлечения и юмор
910651302176;Развлечения и юмор
910654447788;Развлечения и юмор
910655790764;Развлечения и юмор
910662906258;Развлечения и юмор
910670559624;Развлечения и юмор
910673370731;Развлечения и юмор
910677227731;Развлечения и юмор
910677783442;Развлечения и юмор
910678189970;Развлечения и юмор
910680109394;Развлечения и юмор
910683981844;Развлечения и юмор
910688316249;Развлечения и юмор
910690961874;Развлечения и юмор
910691743696;Развлечения и юмор
910693998285;Развлечения и юмор
910696668981;Развлечения и юмор
910700504631;Развлечения и юмор
910706632686;Развлечения и юмор
910707136909;Развлечения и юмор
910708373002;Развлечения и юмор
910708522073;Развлечения и юмор
910708690997;Развлечения и юмор
910709636842;Развлечения и юмор
910710670801;Развлечения и юмор
910716607146;Развлечения и юмор
910720472885;Развлечения и юмор
910721965776;Развлечения и юмор
910723620715;Развлечения и юмор
910725334543;Развлечения и юмор
910726917811;Развлечения и юмор
910728343095;Развлечения и юмор
910728730770;Развлечения и юмор
910730996170;Развлечения и юмор
910736709391;Развлечения и юмор
910738210359;Развлечения и юмор
910740240160;Развлечения и юмор
910747982112;Развлечения и юмор
910748826230;Развлечения и юмор
910753483984;Развлечения и юмор
910760067316;Развлечения и юмор
910762739819;Развлечения и юмор
910767101930;Развлечения и юмор
910769192822;Развлечения и юмор
910769924441;Развлечения и юмор
910770724214;Развлечения и юмор
910776609142;Развлечения и юмор
910778177654;Развлечения и юмор
910779390354;Развлечения и юмор
910779987251;Развлечения и юмор
910780018483;Развлечения и юмор
910780930615;Развлечения и юмор
910781035126;Развлечения и юмор
910781817578;Развлечения и юмор
910784998290;Развлечения и юмор
910785303760;Развлечения и юмор
910786854774;Развлечения и юмор
910788985974;Развлечения и юмор
910789780789;Развлечения и юмор
910789923958;Развлечения и юмор
910790787379;Развлечения и юмор
910791822454;Развлечения и юмор
910792966006;Развлечения и юмор
910796624307;Развлечения и юмор
910802972426;Развлечения и юмор
910806614766;Развлечения и юмор
910807328973;Развлечения и юмор
910807596979;Развлечения и юмор
910807677422;Развлечения и юмор
910809197484;Развлечения и юмор
910810005994;Развлечения и юмор
910812207501;Развлечения и юмор
910812408755;Развлечения и юмор
910812588211;Развлечения и юмор
910812609142;Развлечения и юмор
910825530248;Развлечения и юмор
910826127598;Развлечения и юмор
910827813578;Развлечения и юмор
910828835244;Развлечения и юмор
910829367724;Развлечения и юмор
910836200992;Развлечения и юмор
910838980623;Развлечения и юмор
910841506284;Развлечения и юмор
910842003062;Развлечения и юмор
910846108779;Развлечения и юмор
910847439441;Развлечения и юмор
910847666806;Развлечения и юмор
910848846710;Развлечения и юмор
910853260204;Развлечения и юмор
910856109517;Развлечения и юмор
910856623705;Развлечения и юмор
910857503606;Развлечения и юмор
910860115794;Развлечения и юмор
910861408973;Развлечения и юмор
910875913708;Развлечения и юмор
910877227154;Развлечения и юмор
910883248330;Развлечения и юмор
910884013344;Развлечения и юмор
910885482859;Развлечения и юмор
910890739346;Развлечения и юмор
910892300266;Развлечения и юмор
910895436782;Развлечения и юмор
910903917344;Развлечения и юмор
910904708149;Развлечения и юмор
910905109622;Развлечения и юмор
910907736044;Развлечения и юмор
910921674102;Развлечения и юмор
910922024530;Развлечения и юмор
910923388267;Развлечения и юмор
910925074634;Развлечения и юмор
910934378784;Развлечения и юмор
910939419059;Развлечения и юмор
910941990890;Развлечения и юмор
910946076365;Развлечения и юмор
910949438034;Развлечения и юмор
910951358702;Развлечения и юмор
910952406635;Развлечения и юмор
910955694710;Развлечения и юмор
910955936619;Развлечения и юмор
910957329782;Развлечения и юмор
910959297845;Развлечения и юмор
910960363382;Развлечения и юмор
910963694880;Развлечения и юмор
910968263314;Развлечения и юмор
910969295022;Развлечения и юмор
910969332256;Развлечения и юмор
910971011872;Развлечения и юмор
910972581908;Развлечения и юмор
910974237814;Развлечения и юмор
910975015968;Развлечения и юмор
910975863378;Развлечения и юмор
910984100810;Развлечения и юмор
910986531702;Развлечения и юмор
910988767058;Развлечения и юмор
910989347666;Развлечения и юмор
910996128714;Развлечения и юмор
910998014005;Развлечения и юмор
910999585524;Развлечения и юмор
911001218934;Развлечения и юмор
911004145259;Развлечения и юмор
911006573430;Развлечения и юмор
911011073910;Развлечения и юмор
911018244946;Развлечения и юмор
911021020368;Развлечения и юмор
911021765920;Развлечения и юмор
911026053202;Развлечения и юмор
911027387766;Развлечения и юмор
911029772113;Развлечения и юмор
911034914923;Развлечения и юмор
911041032811;Развлечения и юмор
911041066091;Развлечения и юмор
911042417771;Развлечения и юмор
911042460362;Развлечения и юмор
911043752501;Развлечения и юмор
911046643988;Развлечения и юмор
911048342992;Развлечения и юмор
911051252531;Развлечения и юмор
911053775990;Развлечения и юмор
911057823404;Развлечения и юмор
911058125300;Развлечения и юмор
911059310187;Развлечения и юмор
911059946102;Развлечения и юмор
911060996178;Развлечения и юмор
911063855338;Развлечения и юмор
911066225810;Развлечения и юмор
911071744374;Развлечения и юмор
911072431157;Развлечения и юмор
911081766638;Развлечения и юмор
911082692915;Развлечения и юмор
911087394705;Развлечения и юмор
911101820106;Развлечения и юмор
911111956050;Развлечения и юмор
911115270551;Развлечения и юмор
911119605742;Развлечения и юмор
911121169184;Развлечения и юмор
911122562411;Развлечения и юмор
911126174922;Развлечения и юмор
911138482294;Развлечения и юмор
911147740505;Развлечения и юмор
911149211632;Развлечения и юмор
911152931446;Развлечения и юмор
911153588075;Развлечения и юмор
911159765867;Развлечения и юмор
911159990768;Развлечения и юмор
911161587592;Развлечения и юмор
911161759880;Развлечения и юмор
911163056366;Развлечения и юмор
911168960886;Развлечения и юмор
911174270838;Развлечения и юмор
911174692116;Развлечения и юмор
911178925879;Развлечения и юмор
911179050448;Развлечения и юмор
911181424758;Развлечения и юмор
911183005777;Развлечения и юмор
911187445427;Развлечения и юмор
911187661874;Развлечения и юмор
911194070218;Развлечения и юмор
911198400208;Развлечения и юмор
911200353899;Развлечения и юмор
911204129170;Развлечения и юмор
911209776018;Развлечения и юмор
911217788534;Развлечения и юмор
911222894290;Развлечения и юмор
911223353770;Развлечения и юмор
911224391513;Развлечения и юмор
911228127094;Развлечения и юмор
911230580313;Развлечения и юмор
911233957870;Развлечения и юмор
911235607926;Развлечения и юмор
911235805906;Развлечения и юмор
911237425270;Развлечения и юмор
911243428884;Развлечения и юмор
911244837396;Развлечения и юмор
911245453649;Развлечения и юмор
911249221238;Развлечения и юмор
911260773202;Развлечения и юмор
911264498038;Развлечения и юмор
911265325586;Развлечения и юмор
911265957750;Развлечения и юмор
911266370166;Развлечения и юмор
911273815926;Развлечения и юмор
911281767150;Развлечения и юмор
911282919513;Развлечения и юмор
911285202227;Развлечения и юмор
911293781298;Развлечения и юмор
911294470262;Развлечения и юмор
911296223148;Развлечения и юмор
911303803474;Развлечения и юмор
911308939858;Развлечения и юмор
911312143122;Развлечения и юмор
911312158226;Развлечения и юмор
911312635666;Развлечения и юмор
911312801774;Развлечения и юмор
911314660275;Развлечения и юмор
911317253750;Развлечения и юмор
911318228598;Развлечения и юмор
911318481270;Развлечения и юмор
911321010038;Развлечения и юмор
911326969620;Развлечения и юмор
911329221427;Развлечения и юмор
911331681142;Развлечения и юмор
911332187243;Развлечения и юмор
911345062518;Развлечения и юмор
911347206518;Развлечения и юмор
911347639926;Развлечения и юмор
911350559094;Развлечения и юмор
911351198827;Развлечения и юмор
911366381550;Развлечения и юмор
911367822062;Развлечения и юмор
911383000438;Развлечения и юмор
911390664106;Развлечения и юмор
911391935794;Развлечения и юмор
911393883766;Развлечения и юмор
911397253780;Развлечения и юмор
911400810478;Развлечения и юмор
911404420084;Развлечения и юмор
911407728729;Развлечения и юмор
911416949456;Развлечения и юмор
911417505362;Развлечения и юмор
911418421678;Развлечения и юмор
911420500342;Развлечения и юмор
911427574421;Развлечения и юмор
911434302041;Развлечения и юмор
911438895567;Развлечения и юмор
911443173043;Развлечения и юмор
911443743214;Развлечения и юмор
911446133099;Развлечения и юмор
911446157994;Развлечения и юмор
911446487122;Развлечения и юмор
911448827410;Развлечения и юмор
911451980240;Развлечения и юмор
911452491126;Развлечения и юмор
911454276982;Развлечения и юмор
911458327284;Развлечения и юмор
911466225396;Развлечения и юмор
911467716727;Развлечения и юмор
911468306539;Развлечения и юмор
911489667279;Развлечения и юмор
911491703891;Развлечения и юмор
911495148918;Развлечения и юмор
911498246097;Развлечения и юмор
911498976886;Развлечения и юмор
911502571894;Развлечения и юмор
911510306449;Развлечения и юмор
911511271890;Развлечения и юмор
911512476148;Развлечения и юмор
911514305618;Развлечения и юмор
911514986645;Развлечения и юмор
911517970611;Развлечения и юмор
911518741867;Развлечения и юмор
911520261036;Развлечения и юмор
911521054326;Развлечения и юмор
911531987318;Развлечения и юмор
911538878070;Развлечения и юмор
911548160374;Развлечения и юмор
911550322964;Развлечения и юмор
911552730457;Развлечения и юмор
911553314642;Развлечения и юмор
911553661010;Развлечения и юмор
911557673846;Развлечения и юмор
911558630775;Развлечения и юмор
911567887478;Развлечения и юмор
911574558609;Развлечения и юмор
911578021329;Развлечения и юмор
911591006196;Развлечения и юмор
911595513462;Развлечения и юмор
911601071186;Развлечения и юмор
911605811574;Развлечения и юмор
911617009331;Развлечения и юмор
911626822518;Развлечения и юмор
911630505935;Развлечения и юмор
911631390838;Развлечения и юмор
911637418870;Развлечения и юмор
911638226283;Развлечения и юмор
911638388818;Развлечения и юмор
911641968529;Развлечения и юмор
911642158199;Развлечения и юмор
911642247156;Развлечения и юмор
911645541015;Развлечения и юмор
911645893202;Развлечения и юмор
911652493778;Развлечения и юмор
911652942508;Развлечения и юмор
911653583699;Развлечения и юмор
911655805585;Развлечения и юмор
911657062280;Развлечения и юмор
911657940881;Развлечения и юмор
911659148918;Развлечения и юмор
911660322678;Развлечения и юмор
911664937111;Развлечения и юмор
911669101812;Развлечения и юмор
911672804050;Развлечения и юмор
911674928273;Развлечения и юмор
911683360179;Развлечения и юмор
911687806571;Развлечения и юмор
911694648950;Развлечения и юмор
911696477558;Развлечения и юмор
911702772373;Развлечения и юмор
911703787371;Развлечения и юмор
911703910774;Развлечения и юмор
911706182518;Развлечения и юмор
911706958455;Развлечения и юмор
911708910580;Развлечения и юмор
911710729334;Развлечения и юмор
911719281241;Развлечения и юмор
911728629622;Развлечения и юмор
911730855542;Развлечения и юмор
911733756595;Развлечения и юмор
911737015122;Развлечения и юмор
911737644150;Развлечения и юмор
911738675080;Развлечения и юмор
911739442038;Развлечения и юмор
911741239058;Развлечения и юмор
911747589995;Развлечения и юмор
911748437611;Развлечения и юмор
911757847505;Развлечения и юмор
911762830572;Развлечения и юмор
911763015148;Развлечения и юмор
911763957996;Развлечения и юмор
911764984914;Развлечения и юмор
911767515218;Развлечения и юмор
911768624017;Развлечения и юмор
911774753971;Развлечения и юмор
911774800246;Развлечения и юмор
911776176658;Развлечения и юмор
911790412168;Развлечения и юмор
911791084424;Развлечения и юмор
911796936531;Развлечения и юмор
911799942226;Развлечения и юмор
911808546934;Развлечения и юмор
911808842322;Развлечения и юмор
911819882870;Развлечения и юмор
911820424310;Развлечения и юмор
911821507223;Развлечения и юмор
911823895634;Развлечения и юмор
911827722258;Развлечения и юмор
911828691319;Развлечения и юмор
911829125195;Развлечения и юмор
911832048051;Развлечения и юмор
911837219702;Развлечения и юмор
911842578795;Развлечения и юмор
911848081426;Развлечения и юмор
911862766612;Развлечения и юмор
911867380403;Развлечения и юмор
911878716022;Развлечения и юмор
911881396854;Развлечения и юмор
911885164211;Развлечения и юмор
911886977776;Развлечения и юмор
911891024759;Развлечения и юмор
911899318135;Развлечения и юмор
911901220241;Развлечения и юмор
911902293939;Развлечения и юмор
911906304619;Развлечения и юмор
911909460631;Развлечения и юмор
911912885012;Развлечения и юмор
911914501138;Развлечения и юмор
911914512146;Развлечения и юмор
911914831723;Развлечения и юмор
911915595638;Развлечения и юмор
911919867793;Развлечения и юмор
911921211025;Развлечения и юмор
911924631926;Развлечения и юмор
911928170870;Развлечения и юмор
911928306806;Развлечения и юмор
911928685942;Развлечения и юмор
911928953076;Развлечения и юмор
911930359158;Развлечения и юмор
911937873782;Развлечения и юмор
911939530897;Развлечения и юмор
911939731830;Развлечения и юмор
911942529131;Развлечения и юмор
911943306004;Развлечения и юмор
911943412331;Развлечения и юмор
911944352886;Развлечения и юмор
911947692633;Развлечения и юмор
911949117523;Развлечения и юмор
911949765238;Развлечения и юмор
911953795958;Развлечения и юмор
911959342710;Развлечения и юмор
911962305131;Развлечения и юмор
911966567507;Развлечения и юмор
911966940148;Развлечения и юмор
911969289334;Развлечения и юмор
911969374609;Развлечения и юмор
911971070070;Развлечения и юмор
911975135090;Развлечения и юмор
911978162521;Развлечения и юмор
911985653329;Развлечения и юмор
911985865555;Развлечения и юмор
911988913771;Развлечения и юмор
911995157111;Развлечения и юмор
911995404020;Развлечения и юмор
911995776468;Развлечения и юмор
911997592438;Развлечения и юмор
912000653746;Развлечения и юмор
912006361719;Развлечения и юмор
912006630518;Развлечения и юмор
912007404662;Развлечения и юмор
912008150963;Развлечения и юмор
912013632786;Развлечения и юмор
912015820723;Развлечения и юмор
912015915955;Развлечения и юмор
912016400563;Развлечения и юмор
912017905782;Развлечения и юмор
912020692331;Развлечения и юмор
912020711787;Развлечения и юмор
912023732945;Развлечения и юмор
912025040217;Развлечения и юмор
912026332851;Развлечения и юмор
912028442035;Развлечения и юмор
912029300403;Развлечения и юмор
912029371059;Развлечения и юмор
912029444372;Развлечения и юмор
912031496081;Развлечения и юмор
912032835507;Развлечения и юмор
912034394803;Развлечения и юмор
912037566871;Развлечения и юмор
912041923665;Развлечения и юмор
912041966422;Развлечения и юмор
912043637683;Развлечения и юмор
912044928334;Развлечения и юмор
912057466201;Развлечения и юмор
912065691188;Развлечения и юмор
912069880977;Развлечения и юмор
912074789806;Развлечения и юмор
912080692854;Развлечения и юмор
912084910455;Развлечения и юмор
912093848182;Развлечения и юмор
912101096849;Развлечения и юмор
912107474550;Развлечения и юмор
912107580817;Развлечения и юмор
912108392310;Развлечения и юмор
912113861938;Развлечения и юмор
912115005554;Развлечения и юмор
912117297070;Развлечения и юмор
912119037714;Развлечения и юмор
912119668342;Развлечения и юмор
912124957777;Развлечения и юмор
912130029174;Развлечения и юмор
912132344084;Развлечения и юмор
912136108406;Развлечения и юмор
912136257203;Развлечения и юмор
912137981814;Развлечения и юмор
912140055214;Развлечения и юмор
912141315502;Развлечения и юмор
912141440148;Развлечения и юмор
912143270835;Развлечения и юмор
912143349843;Развлечения и юмор
912143912823;Развлечения и юмор
912147475540;Развлечения и юмор
912153007187;Развлечения и юмор
912154674766;Развлечения и юмор
912165663923;Развлечения и юмор
912165687731;Развлечения и юмор
912177176950;Развлечения и юмор
912181250678;Развлечения и юмор
912182107737;Развлечения и юмор
912182797235;Развлечения и юмор
912183061683;Развлечения и юмор
912189054838;Развлечения и юмор
912191037591;Развлечения и юмор
912197264529;Развлечения и юмор
912205279667;Развлечения и юмор
912206044022;Развлечения и юмор
912207137870;Развлечения и юмор
912210122614;Развлечения и юмор
912211292279;Развлечения и юмор
912212106870;Развлечения и юмор
912214254967;Развлечения и юмор
912226042742;Развлечения и юмор
912226508689;Развлечения и юмор
912227009399;Развлечения и юмор
912227785846;Развлечения и юмор
912230900915;Развлечения и юмор
912232883319;Развлечения и юмор
912234097782;Развлечения и юмор
912236003409;Развлечения и юмор
912236419190;Развлечения и юмор
912243173209;Развлечения и юмор
912245728630;Развлечения и юмор
912248819730;Развлечения и юмор
912251465873;Развлечения и юмор
912252225617;Развлечения и юмор
912254287222;Развлечения и юмор
912255705068;Развлечения и юмор
912261002321;Развлечения и юмор
912265962615;Развлечения и юмор
912267193233;Развлечения и юмор
912268148881;Развлечения и юмор
912279841839;Развлечения и юмор
912293758038;Развлечения и юмор
912296324114;Развлечения и юмор
912306067700;Развлечения и юмор
912306872048;Развлечения и юмор
912308029970;Развлечения и юмор
912314587054;Развлечения и юмор
912318784786;Развлечения и юмор
912318864402;Развлечения и юмор
912327545970;Развлечения и юмор
912327728178;Развлечения и юмор
912327829655;Развлечения и юмор
912328520818;Развлечения и юмор
912330308689;Развлечения и юмор
912333700466;Развлечения и юмор
912337555407;Развлечения и юмор
912338464078;Развлечения и юмор
912345016276;Развлечения и юмор
912345765068;Развлечения и юмор
912349273266;Развлечения и юмор
912353235626;Развлечения и юмор
912360126452;Развлечения и юмор
912360953936;Развлечения и юмор
912361858739;Развлечения и юмор
912364460886;Развлечения и юмор
912370348695;Развлечения и юмор
912371381492;Развлечения и юмор
912386745937;Развлечения и юмор
912390673582;Развлечения и юмор
912392490871;Развлечения и юмор
912399012241;Развлечения и юмор
912399459507;Развлечения и юмор
912400606033;Развлечения и юмор
912403773363;Развлечения и юмор
912410367535;Развлечения и юмор
912413184151;Развлечения и юмор
912422709073;Развлечения и юмор
912425091153;Развлечения и юмор
912430168564;Развлечения и юмор
912433103185;Развлечения и юмор
912433452689;Развлечения и юмор
912438362517;Развлечения и юмор
912440792465;Развлечения и юмор
912442650547;Развлечения и юмор
912455544755;Развлечения и юмор
912459741973;Развлечения и юмор
912464322483;Развлечения и юмор
912465073750;Развлечения и юмор
912466525236;Развлечения и юмор
912472970740;Развлечения и юмор
912480196945;Развлечения и юмор
912480856465;Развлечения и юмор
912480878737;Развлечения и юмор
912488772185;Развлечения и юмор
912495181943;Развлечения и юмор
912498061775;Развлечения и юмор
912500584017;Развлечения и юмор
912503064150;Развлечения и юмор
912508636750;Развлечения и юмор
912518478228;Развлечения и юмор
912531302039;Развлечения и юмор
912532519859;Развлечения и юмор
912535371347;Развлечения и юмор
912535839822;Развлечения и юмор
912536638353;Развлечения и юмор
912538893975;Развлечения и юмор
912545912665;Развлечения и юмор
912547344209;Развлечения и юмор
912553704210;Развлечения и юмор
912555286099;Развлечения и юмор
912562953139;Развлечения и юмор
912570630033;Развлечения и юмор
912590987412;Развлечения и юмор
912591659159;Развлечения и юмор
912594290257;Развлечения и юмор
912596060111;Развлечения и юмор
912596943027;Развлечения и юмор
912601995857;Развлечения и юмор
912605112913;Развлечения и юмор
912605626201;Развлечения и юмор
912608499345;Развлечения и юмор
912614612343;Развлечения и юмор
912620292303;Развлечения и юмор
912621174870;Развлечения и юмор
912621995156;Развлечения и юмор
912630289364;Развлечения и юмор
912630357585;Развлечения и юмор
912634052978;Развлечения и юмор
912636314263;Развлечения и юмор
912640309337;Развлечения и юмор
912643378259;Развлечения и юмор
912654227092;Развлечения и юмор
912654895761;Развлечения и юмор
912656873617;Развлечения и юмор
912666917294;Развлечения и юмор
912674374481;Развлечения и юмор
912674891727;Развлечения и юмор
912678260343;Развлечения и юмор
912687620019;Развлечения и юмор
912688283855;Развлечения и юмор
912688633936;Развлечения и юмор
912691988147;Развлечения и юмор
912692742230;Развлечения и юмор
912692903189;Развлечения и юмор
912694710167;Развлечения и юмор
912694926737;Развлечения и юмор
912695596439;Развлечения и юмор
912700609881;Развлечения и юмор
912702538577;Развлечения и юмор
912702846676;Развлечения и юмор
912702939628;Развлечения и юмор
912705367475;Развлечения и юмор
912705389747;Развлечения и юмор
912707103155;Развлечения и юмор
912714073207;Развлечения и юмор
912716382291;Развлечения и юмор
912721640022;Развлечения и юмор
912727018329;Развлечения и юмор
912732030030;Развлечения и юмор
912732119385;Развлечения и юмор
912732743957;Развлечения и юмор
912737233582;Развлечения и юмор
912753539735;Развлечения и юмор
912754959539;Развлечения и юмор
912766997266;Развлечения и юмор
912767924817;Развлечения и юмор
912768430316;Развлечения и юмор
912768462060;Развлечения и юмор
912768512748;Развлечения и юмор
912768652407;Развлечения и юмор
912769173967;Развлечения и юмор
912788103119;Развлечения и юмор
912789308367;Развлечения и юмор
912790684111;Развлечения и юмор
912791847257;Развлечения и юмор
912800674199;Развлечения и юмор
912800694870;Развлечения и юмор
912801148535;Развлечения и юмор
912803181969;Развлечения и юмор
912806299410;Развлечения и юмор
912806999314;Развлечения и юмор
912810276947;Развлечения и юмор
912811627665;Развлечения и юмор
912816414612;Развлечения и юмор
912817431219;Развлечения и юмор
912819790613;Развлечения и юмор
912820814259;Развлечения и юмор
912821774771;Развлечения и юмор
912829932689;Развлечения и юмор
912834401425;Развлечения и юмор
912851609422;Развлечения и юмор
912852743858;Развлечения и юмор
912857865367;Развлечения и юмор
912860532817;Развлечения и юмор
912861611950;Развлечения и юмор
912876606289;Развлечения и юмор
912887146135;Развлечения и юмор
912889039505;Развлечения и юмор
912896869650;Развлечения и юмор
912898201169;Развлечения и юмор
912904772433;Развлечения и юмор
912907600277;Развлечения и юмор
912911683985;Развлечения и юмор
912914433878;Развлечения и юмор
912916146867;Развлечения и юмор
912916166801;Развлечения и юмор
912917237585;Развлечения и юмор
912918918549;Развлечения и юмор
912921918103;Развлечения и юмор
912923521971;Развлечения и юмор
912924600750;Развлечения и юмор
912925954196;Развлечения и юмор
912928789843;Развлечения и юмор
912929597585;Развлечения и юмор
912930794514;Развлечения и юмор
912931092941;Развлечения и юмор
912932328531;Развлечения и юмор
912935288532;Развлечения и юмор
912937884753;Развлечения и юмор
912941318481;Развлечения и юмор
912950368174;Развлечения и юмор
912958235473;Развлечения и юмор
912962582446;Развлечения и юмор
912965671119;Развлечения и юмор
912967465623;Развлечения и юмор
912975380119;Развлечения и юмор
912978761558;Развлечения и юмор
912978930350;Развлечения и юмор
912981145039;Развлечения и юмор
912982089196;Развлечения и юмор
912982877932;Развлечения и юмор
912982944748;Развлечения и юмор
912983019756;Развлечения и юмор
912983394796;Развлечения и юмор
912983496172;Развлечения и юмор
913004628631;Развлечения и юмор
913006573207;Развлечения и юмор
913008794702;Развлечения и юмор
913019546319;Развлечения и юмор
913020753615;Развлечения и юмор
913023773458;Развлечения и юмор
913025959916;Развлечения и юмор
913033818710;Развлечения и юмор
913034129685;Развлечения и юмор
913035151699;Развлечения и юмор
913036944077;Развлечения и юмор
913037982444;Развлечения и юмор
913038538574;Развлечения и юмор
913044398060;Развлечения и юмор
913048237207;Развлечения и юмор
913052178705;Развлечения и юмор
913059666668;Развлечения и юмор
913059732310;Развлечения и юмор
913061144471;Развлечения и юмор
913065592527;Развлечения и юмор
913067178703;Развлечения и юмор
913070380596;Развлечения и юмор
913072969196;Развлечения и юмор
913083280533;Развлечения и юмор
913083783119;Развлечения и юмор
913087416212;Развлечения и юмор
913087809687;Развлечения и юмор
913089790444;Развлечения и юмор
913092118508;Развлечения и юмор
913097246359;Развлечения и юмор
913109711790;Развлечения и юмор
913113009900;Развлечения и юмор
913115210901;Развлечения и юмор
913131028972;Развлечения и юмор
913131076588;Развлечения и юмор
913137555180;Развлечения и юмор
913137680364;Развлечения и юмор
913140249836;Развлечения и юмор
913140969452;Развлечения и юмор
913141593068;Развлечения и юмор
913143339727;Развлечения и юмор
913146954732;Развлечения и юмор
913147244268;Развлечения и юмор
913149306007;Развлечения и юмор
913150961103;Развлечения и юмор
913153800273;Развлечения и юмор
913154814638;Развлечения и юмор
913154956524;Развлечения и юмор
913155792974;Развлечения и юмор
913163927252;Развлечения и юмор
913164021228;Развлечения и юмор
913164728781;Развлечения и юмор
913169384916;Развлечения и юмор
913174822292;Развлечения и юмор
913174968471;Развлечения и юмор
913182247404;Развлечения и юмор
913190245839;Развлечения и юмор
913197287505;Развлечения и юмор
913199344877;Развлечения и юмор
913199547540;Развлечения и юмор
913199812174;Развлечения и юмор
913204363476;Развлечения и юмор
913206349719;Развлечения и юмор
913210443981;Развлечения и юмор
913210482156;Развлечения и юмор
913211349234;Развлечения и юмор
913215031123;Развлечения и юмор
913218838223;Развлечения и юмор
913219435954;Развлечения и юмор
913222198386;Развлечения и юмор
913226513559;Развлечения и юмор
913226559057;Развлечения и юмор
913229309076;Развлечения и юмор
913232375533;Развлечения и юмор
913234984275;Развлечения и юмор
913236672716;Развлечения и юмор
913243797964;Развлечения и юмор
913243917517;Развлечения и юмор
913245823383;Развлечения и юмор
913246678508;Развлечения и юмор
913248225617;Развлечения и юмор
913249495020;Развлечения и юмор
913251261645;Развлечения и юмор
913251583695;Развлечения и юмор
913253234157;Развлечения и юмор
913253483345;Развлечения и юмор
913255567340;Развлечения и юмор
913256902381;Развлечения и юмор
913274023887;Развлечения и юмор
913281563117;Развлечения и юмор
913287513836;Развлечения и юмор
913289669783;Развлечения и юмор
913293576428;Развлечения и юмор
913293616340;Развлечения и юмор
913298193047;Развлечения и юмор
913299537644;Развлечения и юмор
913302839382;Развлечения и юмор
913304678863;Развлечения и юмор
913304866902;Развлечения и юмор
913305796844;Развлечения и юмор
913315448271;Развлечения и юмор
913319533549;Развлечения и юмор
913320382445;Развлечения и юмор
913320984754;Развлечения и юмор
913322313452;Развлечения и юмор
913323597292;Развлечения и юмор
913327715309;Развлечения и юмор
913329223148;Развлечения и юмор
913337810068;Развлечения и юмор
913343944273;Развлечения и юмор
913346117332;Развлечения и юмор
913347404630;Развлечения и юмор
913350790836;Развлечения и юмор
913355609836;Развлечения и юмор
913355691215;Развлечения и юмор
913356041196;Развлечения и юмор
913356716524;Развлечения и юмор
913364467798;Развлечения и юмор
913373315052;Развлечения и юмор
913373341647;Развлечения и юмор
913374919916;Развлечения и юмор
913381193964;Развлечения и юмор
913385725135;Развлечения и юмор
913386106772;Развлечения и юмор
913390461133;Развлечения и юмор
913392541265;Развлечения и юмор
913392975060;Развлечения и юмор
913393428372;Развлечения и юмор
913394401366;Развлечения и юмор
913403895759;Развлечения и юмор
913406302294;Развлечения и юмор
913407229647;Развлечения и юмор
913412246870;Развлечения и юмор
913418493236;Развлечения и юмор
913422545133;Развлечения и юмор
913424623694;Развлечения и юмор
913433772402;Развлечения и юмор
913438816846;Развлечения и юмор
913443708212;Развлечения и юмор
913444317652;Развлечения и юмор
913448489299;Развлечения и юмор
913452435180;Развлечения и юмор
913452601836;Развлечения и юмор
913452643308;Развлечения и юмор
913453225423;Развлечения и юмор
913453822030;Развлечения и юмор
913454895986;Развлечения и юмор
913458356716;Развлечения и юмор
913467747733;Развлечения и юмор
913468806100;Развлечения и юмор
913475939791;Развлечения и юмор
913477134804;Развлечения и юмор
913477669713;Развлечения и юмор
913480016470;Развлечения и юмор
913481955477;Развлечения и юмор
913483261362;Развлечения и юмор
913483480918;Развлечения и юмор
913491432940;Развлечения и юмор
913492480149;Развлечения и юмор
913493841742;Развлечения и юмор
913496132332;Развлечения и юмор
913502515537;Развлечения и юмор
913502893393;Развлечения и юмор
913510633046;Развлечения и юмор
913510690708;Развлечения и юмор
913512948941;Развлечения и юмор
913513489388;Развлечения и юмор
913520121548;Развлечения и юмор
913520991951;Развлечения и юмор
913532479666;Развлечения и юмор
913535634156;Развлечения и юмор
913537404623;Развлечения и юмор
913538087505;Развлечения и юмор
913542405071;Развлечения и юмор
913543741132;Развлечения и юмор
913545507564;Развлечения и юмор
913546406124;Развлечения и юмор
913546684653;Развлечения и юмор
913550264044;Развлечения и юмор
913552069071;Развлечения и юмор
913560274156;Развлечения и юмор
913568370924;Развлечения и юмор
913571920789;Развлечения и юмор
913574822612;Развлечения и юмор
913575482605;Развлечения и юмор
913577678934;Развлечения и юмор
913580428756;Развлечения и юмор
913581019470;Развлечения и юмор
913581094990;Развлечения и юмор
913584267988;Развлечения и юмор
913585106412;Развлечения и юмор
913587920084;Развлечения и юмор
913588084460;Развлечения и юмор
913590525589;Развлечения и юмор
913592117485;Развлечения и юмор
913596074733;Развлечения и юмор
913596542291;Развлечения и юмор
913603649005;Развлечения и юмор
913606171092;Развлечения и юмор
913614143569;Развлечения и юмор
913617747027;Развлечения и юмор
913618700748;Развлечения и юмор
913620112335;Развлечения и юмор
913626372756;Развлечения и юмор
913626563406;Развлечения и юмор
913628580559;Развлечения и юмор
913632626413;Развлечения и юмор
913634236140;Развлечения и юмор
913643376876;Развлечения и юмор
913643796717;Развлечения и юмор
913648489041;Развлечения и юмор
913651850703;Развлечения и юмор
913661457900;Развлечения и юмор
913662861549;Развлечения и юмор
913668012525;Развлечения и юмор
913672931052;Развлечения и юмор
913681063703;Развлечения и юмор
913682398188;Развлечения и юмор
913684092758;Развлечения и юмор
913685456339;Развлечения и юмор
913699496397;Развлечения и юмор
913700565840;Развлечения и юмор
913705160340;Развлечения и юмор
913706256847;Развлечения и юмор
913706649551;Развлечения и юмор
913711300815;Развлечения и юмор
913712151382;Развлечения и юмор
913714011629;Развлечения и юмор
913727142324;Развлечения и юмор
913731802348;Развлечения и юмор
913732503700;Развлечения и юмор
913739732372;Развлечения и юмор
913746766772;Развлечения и юмор
913753668332;Развлечения и юмор
913755089431;Развлечения и юмор
913755534060;Развлечения и юмор
913757172116;Развлечения и юмор
913759108658;Развлечения и юмор
913760442804;Развлечения и юмор
913764246614;Развлечения и юмор
913774208236;Развлечения и юмор
913774319340;Развлечения и юмор
913775674860;Развлечения и юмор
913777921878;Развлечения и юмор
913779154668;Развлечения и юмор
913785907405;Развлечения и юмор
913794337772;Развлечения и юмор
913796813037;Развлечения и юмор
913803849420;Развлечения и юмор
913806048854;Развлечения и юмор
913807370326;Развлечения и юмор
913810541805;Развлечения и юмор
913812218604;Развлечения и юмор
913821147120;Развлечения и юмор
913822916694;Развлечения и юмор
913823054166;Развлечения и юмор
913831065807;Развлечения и юмор
913837994477;Развлечения и юмор
913838057709;Развлечения и юмор
913843777108;Развлечения и юмор
913847099629;Развлечения и юмор
913847836207;Развлечения и юмор
913848571628;Развлечения и юмор
913850573549;Развлечения и юмор
913851837743;Развлечения и юмор
913856123599;Развлечения и юмор
913859325133;Развлечения и юмор
913859944940;Развлечения и юмор
913862201522;Развлечения и юмор
913867254063;Развлечения и юмор
913868978669;Развлечения и юмор
913871096557;Развлечения и юмор
913881612565;Развлечения и юмор
913886728790;Развлечения и юмор
913888698966;Развлечения и юмор
913891243501;Развлечения и юмор
913895428301;Развлечения и юмор
913909300204;Развлечения и юмор
913912874988;Развлечения и юмор
913916528876;Развлечения и юмор
913922221293;Развлечения и юмор
913927038514;Развлечения и юмор
913929228528;Развлечения и юмор
913940041302;Развлечения и юмор
913950701292;Развлечения и юмор
913960520653;Развлечения и юмор
913963278060;Развлечения и юмор
913967351730;Развлечения и юмор
913971026893;Развлечения и юмор
913973758188;Развлечения и юмор
913977016557;Развлечения и юмор
913984350157;Развлечения и юмор
913988504045;Развлечения и юмор
913992397805;Развлечения и юмор
914006602221;Развлечения и юмор
914018604780;Развлечения и юмор
914018731212;Развлечения и юмор
914018950580;Развлечения и юмор
914018991540;Развлечения и юмор
914019027380;Развлечения и юмор
914038864050;Развлечения и юмор
914043001836;Развлечения и юмор
914046857452;Развлечения и юмор
914050075116;Развлечения и юмор
914055908588;Развлечения и юмор
914056373740;Развлечения и юмор
914074308337;Развлечения и юмор
914076285932;Развлечения и юмор
914077080049;Развлечения и юмор
914077763989;Развлечения и юмор
914079936748;Развлечения и юмор
914081466060;Развлечения и юмор
914082087372;Развлечения и юмор
914084654316;Развлечения и юмор
914084953328;Развлечения и юмор
914085800471;Развлечения и юмор
914091849676;Развлечения и юмор
914093903765;Развлечения и юмор
914096485556;Развлечения и юмор
914103561452;Развлечения и юмор
914110629104;Развлечения и юмор
914111813868;Развлечения и юмор
914112590572;Развлечения и юмор
914130349618;Развлечения и юмор
914130672844;Развлечения и юмор
914132790000;Развлечения и юмор
914135772140;Развлечения и юмор
914146210797;Развлечения и юмор
914146902764;Развлечения и юмор
914154450413;Развлечения и юмор
914156867252;Развлечения и юмор
914158026989;Развлечения и юмор
914158385356;Развлечения и юмор
914158553931;Развлечения и юмор
914160787349;Развлечения и юмор
914163025045;Развлечения и юмор
914168335084;Развлечения и юмор
914168878572;Развлечения и юмор
914169006772;Развлечения и юмор
914172235339;Развлечения и юмор
914172647148;Развлечения и юмор
914180430572;Развлечения и юмор
914180666348;Развлечения и юмор
914182126828;Развлечения и юмор
914183055852;Развлечения и юмор
914185905868;Развлечения и юмор
914196504524;Развлечения и юмор
914197477359;Развлечения и юмор
914198486511;Развлечения и юмор
914202235884;Развлечения и юмор
914203503599;Развлечения и юмор
914203737327;Развлечения и юмор
914207806189;Развлечения и юмор
914210452460;Развлечения и юмор
914230376684;Развлечения и юмор
914242606540;Развлечения и юмор
914248897520;Развлечения и юмор
914256645556;Развлечения и юмор
914264230731;Развлечения и юмор
914264883436;Развлечения и юмор
914270614091;Развлечения и юмор
914275253909;Развлечения и юмор
914283073941;Развлечения и юмор
914287998704;Развлечения и юмор
914290508528;Развлечения и юмор
914295853261;Развлечения и юмор
914295965746;Развлечения и юмор
914305443147;Развлечения и юмор
914321479660;Развлечения и юмор
914324908524;Развлечения и юмор
914330391701;Развлечения и юмор
914342156492;Развлечения и юмор
914345756491;Развлечения и юмор
914346148844;Развлечения и юмор
914346301203;Развлечения и юмор
914351107564;Развлечения и юмор
914354677740;Развлечения и юмор
914355139020;Развлечения и юмор
914355627756;Развлечения и юмор
914360119730;Развлечения и юмор
914360854859;Развлечения и юмор
914361894124;Развлечения и юмор
914363318764;Развлечения и юмор
914363857391;Развлечения и юмор
914376363083;Развлечения и юмор
914376869680;Развлечения и юмор
914383855346;Развлечения и юмор
914387974893;Развлечения и юмор
914392970571;Развлечения и юмор
914397328620;Развлечения и юмор
914407051444;Развлечения и юмор
914418935251;Развлечения и юмор
914431393007;Развлечения и юмор
914439143379;Развлечения и юмор
914439626580;Развлечения и юмор
914439733745;Развлечения и юмор
914441374514;Развлечения и юмор
914442908338;Развлечения и юмор
914449154323;Развлечения и юмор
914450499824;Развлечения и юмор
914458902452;Развлечения и юмор
914459999213;Развлечения и юмор
914461010925;Развлечения и юмор
914474606576;Развлечения и юмор
914484840685;Развлечения и юмор
914493738059;Развлечения и юмор
914498845771;Развлечения и юмор
914506377010;Развлечения и юмор
914511646578;Развлечения и юмор
914513534869;Развлечения и юмор
914516413677;Развлечения и юмор
914520933106;Развлечения и юмор
914522445005;Развлечения и юмор
914522833869;Развлечения и юмор
914530156528;Развлечения и юмор
914533503316;Развлечения и юмор
914544367856;Развлечения и юмор
914547084269;Развлечения и юмор
914547390704;Развлечения и юмор
914555942128;Развлечения и юмор
914556962994;Развлечения и юмор
914557316018;Развлечения и юмор
914559867442;Развлечения и юмор
914564564720;Развлечения и юмор
914566718701;Развлечения и юмор
914568091887;Развлечения и юмор
914572094737;Развлечения и юмор
914574180557;Развлечения и юмор
914583612210;Развлечения и юмор
914585133461;Развлечения и юмор
914590215149;Развлечения и юмор
914597057429;Развлечения и юмор
914605056493;Развлечения и юмор
914605128523;Развлечения и юмор
914620121549;Развлечения и юмор
914622312688;Развлечения и юмор
914632201933;Развлечения и юмор
914634114740;Развлечения и юмор
914639698157;Развлечения и юмор
914640725997;Развлечения и юмор
914642002157;Развлечения и юмор
914647531247;Развлечения и юмор
914649846421;Развлечения и юмор
914656003821;Развлечения и юмор
914663811659;Развлечения и юмор
914665403285;Развлечения и юмор
914676473581;Развлечения и юмор
914680844781;Развлечения и юмор
914689849330;Развлечения и юмор
914691845106;Развлечения и юмор
914691997165;Развлечения и юмор
914699210259;Развлечения и юмор
914708635629;Развлечения и юмор
914709678485;Развлечения и юмор
914714732847;Развлечения и юмор
914715579117;Развлечения и юмор
914717394868;Развлечения и юмор
914719674802;Развлечения и юмор
914720388592;Развлечения и юмор
914742777325;Развлечения и юмор
914758510317;Развлечения и юмор
914767843053;Развлечения и юмор
914782370285;Развлечения и юмор
914790641645;Развлечения и юмор
914790669106;Развлечения и юмор
914808225842;Развлечения и юмор
914813030037;Развлечения и юмор
914815784941;Развлечения и юмор
914840565487;Развлечения и юмор
914846277872;Развлечения и юмор
914863795762;Развлечения и юмор
914877427698;Развлечения и юмор
914885133042;Развлечения и юмор
914889056237;Развлечения и юмор
914907934514;Развлечения и юмор
914913002989;Развлечения и юмор
914916039405;Развлечения и юмор
914916840853;Развлечения и юмор
914918654957;Развлечения и юмор
914918655213;Развлечения и юмор
914921276909;Развлечения и юмор
914924516081;Развлечения и юмор
914934256434;Развлечения и юмор
914935916781;Развлечения и юмор
914943150706;Развлечения и юмор
914981697867;Развлечения и юмор
914990992789;Развлечения и юмор
915005161291;Развлечения и юмор
915012705173;Развлечения и юмор
915014116176;Развлечения и юмор
915014337650;Развлечения и юмор
915017800532;Развлечения и юмор
915019416085;Развлечения и юмор
915021781488;Развлечения и юмор
915028171925;Развлечения и юмор
915029545074;Развлечения и юмор
915030166768;Развлечения и юмор
915042383343;Развлечения и юмор
915049759251;Развлечения и юмор
915058294770;Развлечения и юмор
915060511474;Развлечения и юмор
915061593074;Развлечения и юмор
915063772053;Развлечения и юмор
915066126575;Развлечения и юмор
915067277807;Развлечения и юмор
915067318386;Развлечения и юмор
915069310960;Развлечения и юмор
915079482699;Развлечения и юмор
915084933618;Развлечения и юмор
915085144111;Развлечения и юмор
915087355439;Развлечения и юмор
915088785392;Развлечения и юмор
915088990613;Развлечения и юмор
915094479125;Развлечения и юмор
915095506069;Развлечения и юмор
915103037298;Развлечения и юмор
915130213234;Развлечения и юмор
915130878578;Развлечения и юмор
915142900373;Развлечения и юмор
915143973490;Развлечения и юмор
915150269333;Развлечения и юмор
915152893554;Развлечения и юмор
915159658576;Развлечения и юмор
915169035856;Развлечения и юмор
915172445515;Развлечения и юмор
915172766539;Развлечения и юмор
915182262575;Развлечения и юмор
915189752087;Развлечения и юмор
915191274263;Развлечения и юмор
915195405973;Развлечения и юмор
915199619733;Развлечения и юмор
915204147787;Развлечения и юмор
915209365653;Развлечения и юмор
915209681488;Развлечения и юмор
915243250991;Развлечения и юмор
915247411019;Развлечения и юмор
915270822002;Развлечения и юмор
915276682735;Развлечения и юмор
915279454258;Развлечения и юмор
915282546961;Развлечения и юмор
915284267669;Развлечения и юмор
915286840946;Развлечения и юмор
915288143922;Развлечения и юмор
915290553135;Развлечения и юмор
915302289557;Развлечения и юмор
915303025301;Развлечения и юмор
915312487248;Развлечения и юмор
915320132466;Развлечения и юмор
915321367410;Развлечения и юмор
915321780560;Развлечения и юмор
915330801045;Развлечения и юмор
915342611698;Развлечения и юмор
915346160277;Развлечения и юмор
915347609237;Развлечения и юмор
915354150383;Развлечения и юмор
915362528559;Развлечения и юмор
915365686066;Развлечения и юмор
915370342992;Развлечения и юмор
915373543154;Развлечения и юмор
915391795024;Развлечения и юмор
915394742868;Развлечения и юмор
915394892847;Развлечения и юмор
915396168562;Развлечения и юмор
915402346645;Развлечения и юмор
915404381012;Развлечения и юмор
915416853653;Развлечения и юмор
915420900629;Развлечения и юмор
915427337711;Развлечения и юмор
915442432596;Развлечения и юмор
915451023440;Развлечения и юмор
915462567061;Развлечения и юмор
915481386519;Развлечения и юмор
915482463765;Развлечения и юмор
915486670613;Развлечения и юмор
915497896784;Развлечения и юмор
915501163600;Развлечения и юмор
915502850608;Развлечения и юмор
915507766386;Развлечения и юмор
915509238100;Развлечения и юмор
915510904623;Развлечения и юмор
915517411314;Развлечения и юмор
915523294036;Развлечения и юмор
915528173136;Развлечения и юмор
915542809714;Развлечения и юмор
915544233493;Развлечения и юмор
915544933716;Развлечения и юмор
915551564821;Развлечения и юмор
915562008085;Развлечения и юмор
915570817138;Развлечения и юмор
915579605072;Развлечения и юмор
915586773556;Развлечения и юмор
915592482132;Развлечения и юмор
915595161714;Развлечения и юмор
915605229077;Развлечения и юмор
915612624208;Развлечения и юмор
915613093653;Развлечения и юмор
915627533904;Развлечения и юмор
915628434069;Развлечения и юмор
915634790514;Развлечения и юмор
915637636885;Развлечения и юмор
915639191120;Развлечения и юмор
915644055120;Развлечения и юмор
915649772053;Развлечения и юмор
915651867797;Развлечения и юмор
915656243314;Развлечения и юмор
915656620755;Развлечения и юмор
915657510964;Развлечения и юмор
915670013236;Развлечения и юмор
915672259892;Развлечения и юмор
915677356437;Развлечения и юмор
915695344436;Развлечения и юмор
915706494869;Развлечения и юмор
915708509999;Развлечения и юмор
915716906548;Развлечения и юмор
915720137552;Развлечения и юмор
915720496431;Развлечения и юмор
915724527440;Развлечения и юмор
915741948975;Развлечения и юмор
915747181938;Развлечения и юмор
915764333333;Развлечения и юмор
915767725360;Развлечения и юмор
915769268276;Развлечения и юмор
915775379479;Развлечения и юмор
915778282576;Развлечения и юмор
915785682802;Развлечения и юмор
915802019892;Развлечения и юмор
915803653679;Развлечения и юмор
915816034771;Развлечения и юмор
915830923312;Развлечения и юмор
915831513684;Развлечения и юмор
915841182903;Развлечения и юмор
915865147956;Развлечения и юмор
915872017744;Развлечения и юмор
915908330548;Развлечения и юмор
915918914384;Развлечения и юмор
915923154512;Развлечения и юмор
915926861682;Развлечения и юмор
915934098000;Развлечения и юмор
915959239794;Развлечения и юмор
915960389490;Развлечения и юмор
915972912212;Развлечения и юмор
915973891636;Развлечения и юмор
915979451444;Развлечения и юмор
915982341172;Развлечения и юмор
915983077935;Развлечения и юмор
915988781426;Развлечения и юмор
915994404404;Развлечения и юмор
915995346768;Развлечения и юмор
915995578704;Развлечения и юмор
916002468722;Развлечения и юмор
916004620243;Развлечения и юмор
916008238962;Развлечения и юмор
916009685362;Развлечения и юмор
916011349584;Развлечения и юмор
916021816081;Развлечения и юмор
916025083183;Развлечения и юмор
916025862224;Развлечения и юмор
916029907503;Развлечения и юмор
916051908144;Развлечения и юмор
916060020276;Развлечения и юмор
916067194164;Развлечения и юмор
916073215791;Развлечения и юмор
916082952020;Развлечения и юмор
916099471924;Развлечения и юмор
916105727090;Развлечения и юмор
916110157077;Развлечения и юмор
916119974736;Развлечения и юмор
916132059153;Развлечения и юмор
916134055191;Развлечения и юмор
916142689301;Развлечения и юмор
916144798800;Развлечения и юмор
916152482583;Развлечения и юмор
916162767125;Развлечения и юмор
916163450416;Развлечения и юмор
916179798580;Развлечения и юмор
916182446388;Развлечения и юмор
916183060276;Развлечения и юмор
916193318703;Развлечения и юмор
916199960623;Развлечения и юмор
916212011537;Развлечения и юмор
916227708274;Развлечения и юмор
916235806066;Развлечения и юмор
916241466415;Развлечения и юмор
916245297716;Развлечения и юмор
916249722647;Развлечения и юмор
916257423668;Развлечения и юмор
916258087508;Развлечения и юмор
916258087794;Развлечения и юмор
916259425844;Развлечения и юмор
916259957556;Развлечения и юмор
916280361780;Развлечения и юмор
916295767092;Развлечения и юмор
916299777906;Развлечения и юмор
916311648021;Развлечения и юмор
916313227793;Развлечения и юмор
916318373716;Развлечения и юмор
916327282516;Развлечения и юмор
916328654706;Развлечения и юмор
916329075314;Развлечения и юмор
916337812338;Развлечения и юмор
916349192151;Развлечения и юмор
916361507186;Развлечения и юмор
916362515759;Развлечения и юмор
916387520370;Развлечения и юмор
916404443697;Развлечения и юмор
916407775284;Развлечения и юмор
916414262805;Развлечения и юмор
916415062576;Развлечения и юмор
916419685397;Развлечения и юмор
916430373204;Развлечения и юмор
916438764884;Развлечения и юмор
916454802965;Развлечения и юмор
916470736343;Развлечения и юмор
916485234453;Развлечения и юмор
916487646513;Развлечения и юмор
916487714007;Развлечения и юмор
916492215313;Развлечения и юмор
916500695829;Развлечения и юмор
916505643348;Развлечения и юмор
916525239573;Развлечения и юмор
916537569328;Развлечения и юмор
916540440341;Развлечения и юмор
916557904754;Развлечения и юмор
916562250866;Развлечения и юмор
916589534167;Развлечения и юмор
916634616368;Развлечения и юмор
916643376149;Развлечения и юмор
916648330769;Развлечения и юмор
916654179636;Развлечения и юмор
916656117812;Развлечения и юмор
916665002836;Развлечения и юмор
916688614452;Развлечения и юмор
916702717012;Развлечения и юмор
916708413461;Развлечения и юмор
916752901143;Развлечения и юмор
916780872244;Развлечения и юмор
916781460241;Развлечения и юмор
916781619252;Развлечения и юмор
916803240721;Развлечения и юмор
916809564212;Развлечения и юмор
916810317876;Развлечения и юмор
916815367252;Развлечения и юмор
916816374324;Развлечения и юмор
916820583476;Развлечения и юмор
916824369460;Развлечения и юмор
916836268852;Развлечения и юмор
916863326995;Развлечения и юмор
916870882356;Развлечения и юмор
916938364500;Развлечения и юмор
916940549460;Развлечения и юмор
916948016948;Развлечения и юмор
916981814672;Развлечения и юмор
917007029300;Развлечения и юмор
917032164660;Развлечения и юмор
917042426647;Развлечения и юмор
917047663956;Развлечения и юмор
917061236016;Развлечения и юмор
917068309808;Развлечения и юмор
917069295700;Развлечения и юмор
917069917719;Развлечения и юмор
917070994996;Развлечения и юмор
917071313716;Развлечения и юмор
917076033332;Развлечения и юмор
917092142129;Развлечения и юмор
917099061300;Развлечения и юмор
917169630768;Развлечения и юмор
917171768148;Развлечения и юмор
917196735572;Развлечения и юмор
917198446132;Развлечения и юмор
917211837744;Развлечения и юмор
917214543956;Развлечения и юмор
917217191476;Развлечения и юмор
917217240372;Развлечения и юмор
917217587219;Развлечения и юмор
917228476724;Развлечения и юмор
917246880564;Развлечения и юмор
917249254452;Развлечения и юмор
917249789236;Развлечения и юмор
917299713588;Развлечения и юмор
917306985429;Развлечения и юмор
917310958224;Развлечения и юмор
917313171508;Развлечения и юмор
917327538484;Развлечения и юмор
917331546647;Развлечения и юмор
917341931316;Развлечения и юмор
917343460913;Развлечения и юмор
917346853424;Развлечения и юмор
917354213907;Развлечения и юмор
917358194740;Развлечения и юмор
917359509812;Развлечения и юмор
917368123923;Развлечения и юмор
917368426515;Развлечения и юмор
917369001489;Развлечения и юмор
917373522224;Развлечения и юмор
917390944564;Развлечения и юмор
917398788404;Развлечения и юмор
917403205399;Развлечения и юмор
917403308823;Развлечения и юмор
917422918448;Развлечения и юмор
917440693463;Развлечения и юмор
917441638964;Развлечения и юмор
917441682199;Развлечения и юмор
917443945747;Развлечения и юмор
917447516947;Развлечения и юмор
917457876243;Развлечения и юмор
917471865619;Развлечения и юмор
917480064564;Развлечения и юмор
917482870324;Развлечения и юмор
917484542739;Развлечения и юмор
917484863540;Развлечения и юмор
917510857685;Развлечения и юмор
917532380695;Развлечения и юмор
917533448661;Развлечения и юмор
917548367123;Развлечения и юмор
917564926483;Развлечения и юмор
917582044183;Развлечения и юмор
917583326999;Развлечения и юмор
917589268247;Развлечения и юмор
917590640407;Развлечения и юмор
917592112341;Развлечения и юмор
917639374549;Развлечения и юмор
917643533331;Развлечения и юмор
917651073749;Развлечения и юмор
917654434583;Развлечения и юмор
917659817173;Развлечения и юмор
917676769493;Развлечения и юмор
917696233751;Развлечения и юмор
917714198295;Развлечения и юмор
917717872147;Развлечения и юмор
917721724117;Развлечения и юмор
917722762007;Развлечения и юмор
917735094547;Развлечения и юмор
917735420951;Развлечения и юмор
917755956759;Развлечения и юмор
917773185749;Развлечения и юмор
917779812627;Развлечения и юмор
917792597205;Развлечения и юмор
917798825235;Развлечения и юмор
917827339733;Развлечения и юмор
917834650643;Развлечения и юмор
917846456087;Развлечения и юмор
917853387733;Развлечения и юмор
917872617495;Развлечения и юмор
917887068435;Развлечения и юмор
917895767575;Развлечения и юмор
917895876375;Развлечения и юмор
917896280087;Развлечения и юмор
917903493395;Развлечения и юмор
917919037459;Развлечения и юмор
917928121879;Развлечения и юмор
917928218903;Развлечения и юмор
917949685431;Развлечения и юмор
917993614355;Развлечения и юмор
917994387669;Развлечения и юмор
918030979029;Развлечения и юмор
918039949335;Развлечения и юмор
918040140055;Развлечения и юмор
918040200727;Развлечения и юмор
918042015251;Развлечения и юмор
918047606291;Развлечения и юмор
918057843669;Развлечения и юмор
918060939539;Развлечения и юмор
918079942449;Развлечения и юмор
918081993941;Развлечения и юмор
918125094935;Развлечения и юмор
918150858801;Развлечения и юмор
918151432467;Развлечения и юмор
918174417877;Развлечения и юмор
918190081047;Развлечения и юмор
918197692373;Развлечения и юмор
918219641367;Развлечения и юмор
918234277655;Развлечения и юмор
918234575127;Развлечения и юмор
918270223635;Развлечения и юмор
918301903287;Развлечения и юмор
918302925525;Развлечения и юмор
918309028565;Развлечения и юмор
918315164117;Развлечения и юмор
918338038577;Развлечения и юмор
918362932759;Развлечения и юмор
918363554773;Развлечения и юмор
918366567637;Развлечения и юмор
918385331127;Развлечения и юмор
918394564337;Развлечения и юмор
918408475093;Развлечения и юмор
918423021335;Развлечения и юмор
918423126807;Развлечения и юмор
918446957525;Развлечения и юмор
918454327831;Развлечения и юмор
918487430419;Развлечения и юмор
918496093459;Развлечения и юмор
918570435569;Развлечения и юмор
918578362069;Развлечения и юмор
918579509431;Развлечения и юмор
918583608021;Развлечения и юмор
918623359957;Развлечения и юмор
918634453943;Развлечения и юмор
918635239607;Развлечения и юмор
918638589971;Развлечения и юмор
918640400147;Развлечения и юмор
918643064789;Развлечения и юмор
918700911635;Развлечения и юмор
918707521207;Развлечения и юмор
918710904339;Развлечения и юмор
918719593747;Развлечения и юмор
918726191635;Развлечения и юмор
918729855763;Развлечения и юмор
918752751317;Развлечения и юмор
918761815827;Развлечения и юмор
918767699669;Развлечения и юмор
918773643795;Развлечения и юмор
918774057685;Развлечения и юмор
918782465265;Развлечения и юмор
918784877617;Развлечения и юмор
918803600147;Развлечения и юмор
918809287955;Развлечения и юмор
918829507569;Развлечения и юмор
918831618517;Развлечения и юмор
918834458837;Развлечения и юмор
918850593043;Развлечения и юмор
918865612501;Развлечения и юмор
918866787347;Развлечения и юмор
918868103729;Развлечения и юмор
918872581815;Развлечения и юмор
918878850579;Развлечения и юмор
919001613781;Развлечения и юмор
919020177109;Развлечения и юмор
919066373589;Развлечения и юмор
919073376469;Развлечения и юмор
919087178861;Развлечения и юмор
919108998613;Развлечения и юмор
919150768341;Развлечения и юмор
919200742869;Развлечения и юмор
919213240533;Развлечения и юмор
919218035185;Развлечения и юмор
919243924529;Развлечения и юмор
919379004209;Развлечения и юмор
919391854577;Развлечения и юмор
919526055665;Развлечения и юмор
919595186103;Развлечения и юмор
919627266865;Развлечения и юмор
919630239025;Развлечения и юмор
919652967607;Развлечения и юмор
919722781745;Развлечения и юмор
919746078647;Развлечения и юмор
919851158487;Развлечения и юмор
919862610737;Развлечения и юмор
919866306353;Развлечения и юмор
919878844887;Развлечения и юмор
919926695277;Развлечения и юмор
919943822321;Развлечения и юмор
919944514999;Развлечения и юмор
919985042391;Развлечения и юмор
920008394801;Развлечения и юмор
920036169777;Развлечения и юмор
920043978896;Развлечения и юмор
920052794583;Развлечения и юмор
920071492055;Развлечения и юмор
920075567575;Развлечения и юмор
920100736561;Развлечения и юмор
920106212401;Развлечения и юмор
920127560241;Развлечения и юмор
920150170071;Развлечения и юмор
920169163057;Развлечения и юмор
920184826511;Развлечения и юмор
920202857359;Развлечения и юмор
920248279511;Развлечения и юмор
920303545743;Развлечения и юмор
920306116311;Развлечения и юмор
920311876567;Развлечения и юмор
920337172111;Развлечения и юмор
920362979287;Развлечения и юмор
920401870641;Развлечения и юмор
920451452631;Развлечения и юмор
920452085745;Развлечения и юмор
920460291543;Развлечения и юмор
920462751025;Развлечения и юмор
920470078679;Развлечения и юмор
920496620247;Развлечения и юмор
920506880561;Развлечения и юмор
920646498960;Развлечения и юмор
920682821997;Развлечения и юмор
920748873616;Развлечения и юмор
920761374167;Развлечения и юмор
920821656753;Развлечения и юмор
920850017424;Развлечения и юмор
920887012823;Развлечения и юмор
920956857302;Развлечения и юмор
920975116759;Развлечения и юмор
921004963472;Развлечения и юмор
921007347927;Развлечения и юмор
921011061135;Развлечения и юмор
921017729585;Развлечения и юмор
921019252529;Развлечения и юмор
921025116560;Развлечения и юмор
921109536983;Развлечения и юмор
921110230065;Развлечения и юмор
921158182449;Развлечения и юмор
921164275159;Развлечения и юмор
921175256278;Развлечения и юмор
921184038449;Развлечения и юмор
921195808727;Развлечения и юмор
921204466135;Развлечения и юмор
921206022615;Развлечения и юмор
921219199703;Развлечения и юмор
921249592976;Развлечения и юмор
921252400016;Развлечения и юмор
921277247888;Развлечения и юмор
921279470224;Развлечения и юмор
921282467543;Развлечения и юмор
921286324439;Развлечения и юмор
921297416113;Развлечения и юмор
921301790641;Развлечения и юмор
921318462352;Развлечения и юмор
921320375696;Развлечения и юмор
921325810319;Развлечения и юмор
921352020145;Развлечения и юмор
921392464854;Развлечения и юмор
921423509136;Развлечения и юмор
921433020337;Развлечения и юмор
921445648015;Развлечения и юмор
921583504049;Развлечения и юмор
921620332209;Развлечения и юмор
921630869169;Развлечения и юмор
921685564849;Развлечения и юмор
921726338959;Развлечения и юмор
921771857073;Развлечения и юмор
921779399345;Развлечения и юмор
921812975537;Развлечения и юмор
921936267441;Развлечения и юмор
921942527120;Развлечения и юмор
922129515697;Развлечения и юмор
922133419441;Развлечения и юмор
922157557136;Развлечения и юмор
922276389297;Развлечения и юмор
922373630897;Развлечения и юмор
922496843185;Развлечения и юмор
922500336049;Развлечения и юмор
922795279503;Развлечения и юмор
922805162929;Развлечения и юмор
922807358897;Развлечения и юмор
922989022166;Развлечения и юмор
923012164310;Развлечения и юмор
923123207601;Развлечения и юмор
923167328399;Развлечения и юмор
923202557071;Развлечения и юмор
923292030095;Развлечения и юмор
923297291697;Развлечения и юмор
923303413647;Развлечения и юмор
923312442767;Развлечения и юмор
923428829873;Развлечения и юмор
923441590927;Развлечения и юмор
923446088335;Развлечения и юмор
923448798385;Развлечения и юмор
923457427633;Развлечения и юмор
923479747983;Развлечения и юмор
923542443441;Развлечения и юмор
923688536241;Развлечения и юмор
923722224783;Развлечения и юмор
923728286641;Развлечения и юмор
923753014415;Развлечения и юмор
923758239153;Развлечения и юмор
923758317455;Развлечения и юмор
923768188815;Развлечения и юмор
923771543729;Развлечения и юмор
923832027279;Развлечения и юмор
923983424655;Развлечения и юмор
924001256847;Развлечения и юмор
924024652721;Развлечения и юмор
924066913201;Развлечения и юмор
924199341489;Развлечения и юмор
924218717839;Развлечения и юмор
924220227249;Развлечения и юмор
924252193423;Развлечения и юмор
924262272689;Развлечения и юмор
924270440369;Развлечения и юмор
924272725169;Развлечения и юмор
924273742257;Развлечения и юмор
924286152369;Развлечения и юмор
924286408881;Развлечения и юмор
924294420145;Развлечения и юмор
924295320241;Развлечения и юмор
924320794545;Развлечения и юмор
924341785009;Развлечения и юмор
924350725041;Развлечения и юмор
924355578033;Развлечения и юмор
924360226737;Развлечения и юмор
924362151857;Развлечения и юмор
924363720625;Развлечения и юмор
924383361457;Развлечения и юмор
924390042545;Развлечения и юмор
924395545009;Развлечения и юмор
924395555761;Развлечения и юмор
924408540081;Развлечения и юмор
924416026767;Развлечения и юмор
924427334287;Развлечения и юмор
924444371377;Развлечения и юмор
924467125462;Развлечения и юмор
924470748081;Развлечения и юмор
924476369073;Развлечения и юмор
924476648150;Развлечения и юмор
924480213169;Развлечения и юмор
924483095985;Развлечения и юмор
924497953713;Развлечения и юмор
924499713713;Развлечения и юмор
924504460721;Развлечения и юмор
924504995761;Развлечения и юмор
924507197105;Развлечения и юмор
924536293553;Развлечения и юмор
924540016049;Развлечения и юмор
924541040305;Развлечения и юмор
924546119857;Развлечения и юмор
924560076209;Развлечения и юмор
924567784625;Развлечения и юмор
924593648305;Развлечения и юмор
924594616790;Развлечения и юмор
924608831665;Развлечения и юмор
924641411761;Развлечения и юмор
924648636593;Развлечения и юмор
924649575382;Развлечения и юмор
924653361585;Развлечения и юмор
924676719793;Развлечения и юмор
924681993649;Развлечения и юмор
924705616049;Развлечения и юмор
924727535281;Развлечения и юмор
924728635825;Развлечения и юмор
924744660145;Развлечения и юмор
924757236913;Развлечения и юмор
924761678001;Развлечения и юмор
924770099121;Развлечения и юмор
924801491121;Развлечения и юмор
924803540401;Развлечения и юмор
924817424305;Развлечения и юмор
924839624113;Развлечения и юмор
924840993713;Развлечения и юмор
924859133617;Развлечения и юмор
924859850673;Развлечения и юмор
924866271921;Развлечения и юмор
924871464369;Развлечения и юмор
924881971926;Развлечения и юмор
924885324758;Развлечения и юмор
924890582705;Развлечения и юмор
924905288625;Развлечения и юмор
924908028849;Развлечения и юмор
924908061361;Развлечения и юмор
924910777265;Развлечения и юмор
924936468145;Развлечения и юмор
924938725041;Развлечения и юмор
924941845425;Развлечения и юмор
924952793777;Развлечения и юмор
924966224817;Развлечения и юмор
924980055985;Развлечения и юмор
924984275121;Развлечения и юмор
924985675953;Развлечения и юмор
924988427953;Развлечения и юмор
924989022897;Развлечения и юмор
924990754225;Развлечения и юмор
925009280177;Развлечения и юмор
925010835121;Развлечения и юмор
925025828785;Развлечения и юмор
925042497201;Развлечения и юмор
925049431985;Развлечения и юмор
925054275542;Развлечения и юмор
925054739158;Развлечения и юмор
925054759126;Развлечения и юмор
925054771158;Развлечения и юмор
925056985046;Развлечения и юмор
925068697009;Развлечения и юмор
925091643569;Развлечения и юмор
925094608561;Развлечения и юмор
925104488918;Развлечения и юмор
925109376433;Развлечения и юмор
925109539761;Развлечения и юмор
925113136049;Развлечения и юмор
925113173425;Развлечения и юмор
925117919665;Развлечения и юмор
925118305713;Развлечения и юмор
925120380593;Развлечения и юмор
925133605297;Развлечения и юмор
925139110065;Развлечения и юмор
925156149169;Развлечения и юмор
925164718257;Развлечения и юмор
925165331889;Развлечения и юмор
925171188694;Развлечения и юмор
925199304113;Развлечения и юмор
925200617137;Развлечения и юмор
925214042545;Развлечения и юмор
925216514481;Развлечения и юмор
925231076273;Развлечения и юмор
925239755697;Развлечения и юмор
925247190193;Развлечения и юмор
925254062769;Развлечения и юмор
925256025265;Развлечения и юмор
925259182769;Развлечения и юмор
925263952561;Развлечения и юмор
925266712022;Развлечения и юмор
925267254961;Развлечения и юмор
925287408817;Развлечения и юмор
925313657009;Развлечения и юмор
925319183537;Развлечения и юмор
925326871217;Развлечения и юмор
925329743830;Развлечения и юмор
925333238705;Развлечения и юмор
925337178838;Развлечения и юмор
925339526833;Развлечения и юмор
925341014961;Развлечения и юмор
925348041905;Развлечения и юмор
925359067313;Развлечения и юмор
925360287665;Развлечения и юмор
925369760689;Развлечения и юмор
925373961649;Развлечения и юмор
925377858481;Развлечения и юмор
925390565553;Развлечения и юмор
925405567190;Развлечения и юмор
925414233009;Развлечения и юмор
925419647409;Развлечения и юмор
925426083761;Развлечения и юмор
925426418353;Развлечения и юмор
925434736817;Развлечения и юмор
925443257009;Развлечения и юмор
925445578673;Развлечения и юмор
925454129585;Развлечения и юмор
925464631254;Развлечения и юмор
925465139633;Развлечения и юмор
925470637745;Развлечения и юмор
925477456561;Развлечения и юмор
925504282801;Развлечения и юмор
925510227377;Развлечения и юмор
925512481969;Развлечения и юмор
925515490225;Развлечения и юмор
925540142001;Развлечения и юмор
925552899249;Развлечения и юмор
925582282673;Развлечения и юмор
925585674161;Развлечения и юмор
925607246769;Развлечения и юмор
925621046449;Развлечения и юмор
925621725617;Развлечения и юмор
925625024982;Развлечения и юмор
925630262961;Развлечения и юмор
925639562929;Развлечения и юмор
925639782833;Развлечения и юмор
925639867313;Развлечения и юмор
925645247921;Развлечения и юмор
925647043761;Развлечения и юмор
925709295281;Развлечения и юмор
925712842161;Развлечения и юмор
925722636465;Развлечения и юмор
925727300529;Развлечения и юмор
925727595441;Развлечения и юмор
925742223025;Развлечения и юмор
925750248113;Развлечения и юмор
925752452017;Развлечения и юмор
925753760177;Развлечения и юмор
925765685681;Развлечения и юмор
925770807985;Развлечения и юмор
925771189169;Развлечения и юмор
925776899761;Развлечения и юмор
925777113777;Развлечения и юмор
925778864561;Развлечения и юмор
925780915670;Развлечения и юмор
925788015062;Развлечения и юмор
925793668785;Развлечения и юмор
925816271281;Развлечения и юмор
925821156529;Развлечения и юмор
925822173361;Развлечения и юмор
925824075441;Развлечения и юмор
925827304881;Развлечения и юмор
925828773809;Развлечения и юмор
925828792753;Развлечения и юмор
925839982769;Развлечения и юмор
925845809329;Развлечения и юмор
925859694001;Развлечения и юмор
925865928369;Развлечения и юмор
925870082737;Развлечения и юмор
925872875441;Развлечения и юмор
925873521841;Развлечения и юмор
925882859697;Развлечения и юмор
925889116849;Развлечения и юмор
925895771569;Развлечения и юмор
925898546390;Развлечения и юмор
925903114929;Развлечения и юмор
925903248049;Развлечения и юмор
925910455985;Развлечения и юмор
925912460721;Развлечения и юмор
925917220529;Развлечения и юмор
925926621105;Развлечения и юмор
925928168881;Развлечения и юмор
925942216406;Развлечения и юмор
925942711473;Развлечения и юмор
925957012913;Развлечения и юмор
925984040369;Развлечения и юмор
925985538481;Развлечения и юмор
925999407281;Развлечения и юмор
926013477297;Развлечения и юмор
926015847089;Развлечения и юмор
926031151062;Развлечения и юмор
926063574230;Развлечения и юмор
964573382400;Развлечения и юмор
964942559488;Развлечения и юмор
965805618176;Развлечения и юмор
966365365504;Развлечения и юмор
966650767872;Развлечения и юмор
967252522496;Развлечения и юмор
967637612544;Развлечения и юмор
967830457088;Развлечения и юмор
967849501184;Развлечения и юмор
968142213376;Развлечения и юмор
968331138304;Развлечения и юмор
968360559616;Развлечения и юмор
968369175552;Развлечения и юмор
968369413376;Развлечения и юмор
968380029184;Развлечения и юмор
968428720128;Развлечения и юмор
968554857984;Развлечения и юмор
968574725120;Развлечения и юмор
968627449344;Развлечения и юмор
968632475648;Развлечения и юмор
968643751168;Развлечения и юмор
968654716160;Развлечения и юмор
968719241984;Развлечения и юмор
968748446208;Развлечения и юмор
968751593984;Развлечения и юмор
968754397184;Развлечения и юмор
968755959040;Развлечения и юмор
968857887744;Развлечения и юмор
968896311552;Развлечения и юмор
968902867712;Развлечения и юмор
968956720128;Развлечения и юмор
968988753920;Развлечения и юмор
969037310976;Развлечения и юмор
969061513216;Развлечения и юмор
969163568640;Развлечения и юмор
969188336640;Развлечения и юмор
969277845248;Развлечения и юмор
969285448448;Развлечения и юмор
969303990528;Развлечения и юмор
969326593792;Развлечения и юмор
969370803712;Развлечения и юмор
969427407616;Развлечения и юмор
969520868608;Развлечения и юмор
969570258944;Развлечения и юмор
969633413120;Развлечения и юмор
969652439552;Развлечения и юмор
969684612352;Развлечения и юмор
969694327552;Развлечения и юмор
969717222656;Развлечения и юмор
969733117696;Развлечения и юмор
969752109312;Развлечения и юмор
969752486656;Развлечения и юмор
969797859328;Развлечения и юмор
969809872896;Развлечения и юмор
969813239040;Развлечения и юмор
969833684480;Развлечения и юмор
970008437248;Развлечения и юмор
970014956288;Развлечения и юмор
970028149248;Развлечения и юмор
970054248192;Развлечения и юмор
970065019392;Развлечения и юмор
970113840896;Развлечения и юмор
970140515328;Развлечения и юмор
970144536576;Развлечения и юмор
970144695040;Развлечения и юмор
970149419520;Развлечения и юмор
970319602176;Развлечения и юмор
970328444928;Развлечения и юмор
970333155840;Развлечения и юмор
970344595200;Развлечения и юмор
970344642560;Развлечения и юмор
970345809920;Развлечения и юмор
970369489664;Развлечения и юмор
970396198912;Развлечения и юмор
970431561728;Развлечения и юмор
970431656960;Развлечения и юмор
970481396224;Развлечения и юмор
970501777408;Развлечения и юмор
970511273728;Развлечения и юмор
970526597632;Развлечения и юмор
970560554752;Развлечения и юмор
970564244480;Развлечения и юмор
970646554112;Развлечения и юмор
970656513024;Развлечения и юмор
970691145216;Развлечения и юмор
970699981568;Развлечения и юмор
970757032704;Развлечения и юмор
970819920384;Развлечения и юмор
